{
  "indexes": [
    {
      "collectionGroup": "inAppNotifications",
      "queryScope": "COLLECTION",
      "fields": [
        {
          "fieldPath": "mentor",
          "order": "ASCENDING"
        },
        {
          "fieldPath": "dateTime",
          "order": "DESCENDING"
        }
      ]
    },
    {
      "collectionGroup": "mentor15minsSlots",
      "queryScope": "COLLECTION_GROUP",
      "fields": [
        {
          "fieldPath": "mentee",
          "order": "ASCENDING"
        },
        {
          "fieldPath": "startTime",
          "order": "DESCENDING"
        }
      ]
    },
    {
      "collectionGroup": "mentorMeetingSlots",
      "queryScope": "COLLECTION",
      "fields": [
        {
          "fieldPath": "mentor",
          "order": "ASCENDING"
        },
        {
          "fieldPath": "date",
          "order": "ASCENDING"
        }
      ]
    },
    {
      "collectionGroup": "mentor15minsSlots",
      "queryScope": "COLLECTION",
      "fields": [
        {
          "fieldPath": "mentee",
          "order": "ASCENDING"
        },
        {
          "fieldPath": "startTime",
          "order": "ASCENDING"
        }
      ]
    },
    {
      "collectionGroup": "mentorMeetingSlots",
      "queryScope": "COLLECTION",
      "fields": [
        {
          "fieldPath": "mentor",
          "order": "ASCENDING"
        },
        {
          "fieldPath": "startTime",
          "order": "ASCENDING"
        }
      ]
    },
    {
      "collectionGroup": "reels",
      "queryScope": "COLLECTION",
      "fields": [
        {
          "fieldPath": "postedBy",
          "order": "ASCENDING"
        },
        {
          "fieldPath": "postDateTime",
          "order": "DESCENDING"
        }
      ]
    }
  ]
}